problem,target,framework,model,activation,num_runs,num_train_sizes,num_seeds,min_m,max_m,best_relative_error,mean_relative_error,std_relative_error,mean_final_train_loss,mean_training_time_sec,total_training_time_sec
boussinesq_affine_d4,p,pytorch,mlp_4x40_elu,elu,18,6,3,10,500,0.7242417335510254,1.4202009472582076,0.9459555891293233,0.004300362643940934,0.217634544462069,3.9174218003172423
boussinesq_affine_d4,phi,pytorch,mlp_4x40_elu,elu,18,6,3,10,500,0.1728953272104263,0.38827186574538547,0.2675818541527397,0.004732010478619434,0.2262586999762182,4.0726565995719275
boussinesq_affine_d4,u,pytorch,mlp_4x40_elu,elu,18,6,3,10,500,249.06692504882807,494.7614500257704,354.6785579306076,0.004790722327824211,0.21701970555457387,3.9063546999823298
diffusion_affine_d4,u,pytorch,mlp_4x40_elu,elu,18,6,3,10,500,0.2703343331813812,0.4808149105972714,0.26232324926825235,0.005416362507579184,0.2311979611145539,4.16156330006197
nsb_affine_d4,p,pytorch,mlp_4x40_elu,elu,18,6,3,10,500,0.1420902907848358,0.2835337188508775,0.2094424431700389,0.0046337655383265055,0.2357344833370815,4.243220700067467
nsb_affine_d4,u,pytorch,mlp_4x40_elu,elu,18,6,3,10,500,201.0710906982422,375.1584531995985,250.34633146747365,0.004982738632760478,0.23931764443275622,4.307717599789612
